
{
    "employees": [
        {
        "id": 1,
        "name": "John Doe",
        "position": "Manager",
        "salary": 5000
        },
        {
        "id": 2,
        "name": "Jane Smith",
        "position": "Developer",
        "salary": 4000
        },
        {
        "id": 3,
        "name": "Alex Brown",
        "position": "Analyst",
        "salary": 4500
        },
        {
        "id": 4,
        "name": "Lisa Green",
        "position": "Designer",
        "salary": 3500
        }
            ]
}  